m,B_m/|G_m|,B_m/n_m,m^1.5*B_m/|G_m|
2,0.87500000,0.29166667,2.4749
3,0.53125000,0.17708333,2.7605
4,0.37890625,0.12630208,3.0312
5,0.25097656,0.08365885,2.8060
6,0.18469238,0.06156413,2.7144
7,0.15356445,0.05118815,2.8441
8,0.12025261,0.04008420,2.7210
9,0.09826469,0.03275490,2.6531
10,0.08684939,0.02894980,2.7464
11,0.07328814,0.02442938,2.6738
12,0.06316603,0.02105534,2.6258
13,0.05755663,0.01918554,2.6978
14,0.05050009,0.01683336,2.6454
15,0.04488499,0.01496166,2.6076
16,0.04166301,0.01388767,2.6664
17,0.03747416,0.01249139,2.6267
18,0.03399681,0.01133227,2.5963
19,0.03194798,0.01064933,2.6459
20,0.02921980,0.00973993,2.6135
21,0.02688983,0.00896328,2.5877
22,0.02549385,0.00849795,2.6307
23,0.02360506,0.00786835,2.6037
24,0.02195717,0.00731906,2.5816
25,0.02095580,0.00698527,2.6195
26,0.01958309,0.00652770,2.5962
27,0.01836620,0.00612207,2.5767
28,0.01761947,0.00587316,2.6105
29,0.01658614,0.00552871,2.5903
30,0.01565829,0.00521943,2.5729
31,0.01508391,0.00502797,2.6035
32,0.01428250,0.00476083,2.5854
33,0.01355552,0.00451851,2.5697
34,0.01310260,0.00436753,2.5976
35,0.01246673,0.00415558,2.5814
36,0.01188496,0.00396165,2.5672
37,0.01152033,0.00384011,2.5928
38,0.01100552,0.00366851,2.5780
39,0.01053116,0.00351039,2.5649
40,0.01023251,0.00341084,2.5886
41,0.00980899,0.00326966,2.5751
42,0.00941636,0.00313879,2.5631
43,0.00916810,0.00305603,2.5851
44,0.00881458,0.00293819,2.5726
45,0.00848513,0.00282838,2.5614
46,0.00827612,0.00275871,2.5820
47,0.00797751,0.00265917,2.5705
48,0.00769796,0.00256599,2.5600
49,0.00752003,0.00250668,2.5794
50,0.00726502,0.00242167,2.5686
51,0.00702533,0.00234178,2.5587
52,0.00687238,0.00229079,2.5770
53,0.00665261,0.00221754,2.5669
54,0.00644531,0.00214844,2.5576
55,0.00631268,0.00210423,2.5749
56,0.00612165,0.00204055,2.5654
57,0.00594088,0.00198029,2.5566
58,0.00582500,0.00194167,2.5730
59,0.00565774,0.00188591,2.5640
60,0.00549902,0.00183301,2.5557
61,0.00539705,0.00179902,2.5713
62,0.00524960,0.00174987,2.5628
63,0.00510931,0.00170310,2.5549
64,0.00501904,0.00167301,2.5697
65,0.00488827,0.00162942,2.5617
66,0.00476358,0.00158786,2.5542
67,0.00468320,0.00156107,2.5684
68,0.00456657,0.00152219,2.5607
69,0.00445513,0.00148504,2.5535
70,0.00438319,0.00146106,2.5671
71,0.00427867,0.00142622,2.5597
72,0.00417860,0.00139287,2.5529
73,0.00411392,0.00137131,2.5659
74,0.00401980,0.00133993,2.5589
75,0.00392954,0.00130985,2.5523
76,0.00387112,0.00129037,2.5648
77,0.00378602,0.00126201,2.5581
78,0.00370427,0.00123476,2.5518
79,0.00365130,0.00121710,2.5638
80,0.00357406,0.00119135,2.5574
81,0.00349973,0.00116658,2.5513
82,0.00345152,0.00115051,2.5629
83,0.00338115,0.00112705,2.5567
84,0.00331335,0.00110445,2.5509
85,0.00326933,0.00108978,2.5620
86,0.00320500,0.00106833,2.5561
87,0.00314294,0.00104765,2.5504
88,0.00310261,0.00103420,2.5612
89,0.00304363,0.00101454,2.5555
90,0.00298666,0.00099555,2.5501
