m,d_m,S_m,H_m
2,1,1,1
3,3,3,1 2
4,6,6,1 2 3
5,10,10,1 2 3 4
6,15,15,1 2 3 4 5
7,21,21,1 2 3 4 5 6
8,28,28,1 2 3 4 5 6 7
9,36,36,1 2 3 4 5 6 7 8
10,36,45,1 2 3 4 5 6 7 8
11,46,55,1 2 3 4 5 6 7 8 10
12,57,66,1 2 3 4 5 6 7 8 10 11
13,69,78,1 2 3 4 5 6 7 8 10 11 12
14,82,91,1 2 3 4 5 6 7 8 10 11 12 13
15,96,105,1 2 3 4 5 6 7 8 10 11 12 13 14
16,96,120,1 2 3 4 5 6 7 8 10 11 12 13 14
17,112,136,1 2 3 4 5 6 7 8 10 11 12 13 14 16
18,129,153,1 2 3 4 5 6 7 8 10 11 12 13 14 16 17
19,129,171,1 2 3 4 5 6 7 8 10 11 12 13 14 16 17
20,148,190,1 2 3 4 5 6 7 8 10 11 12 13 14 16 17 19
21,168,210,1 2 3 4 5 6 7 8 10 11 12 13 14 16 17 19 20
22,168,231,1 2 3 4 5 6 7 8 10 11 12 13 14 16 17 19 20
23,190,253,1 2 3 4 5 6 7 8 10 11 12 13 14 16 17 19 20 22
24,213,276,1 2 3 4 5 6 7 8 10 11 12 13 14 16 17 19 20 22 23
25,237,300,1 2 3 4 5 6 7 8 10 11 12 13 14 16 17 19 20 22 23 24
26,262,325,1 2 3 4 5 6 7 8 10 11 12 13 14 16 17 19 20 22 23 24 25
27,288,351,1 2 3 4 5 6 7 8 10 11 12 13 14 16 17 19 20 22 23 24 25 26
28,288,378,1 2 3 4 5 6 7 8 10 11 12 13 14 16 17 19 20 22 23 24 25 26
29,316,406,1 2 3 4 5 6 7 8 10 11 12 13 14 16 17 19 20 22 23 24 25 26 28
30,345,435,1 2 3 4 5 6 7 8 10 11 12 13 14 16 17 19 20 22 23 24 25 26 28 29
31,345,465,1 2 3 4 5 6 7 8 10 11 12 13 14 16 17 19 20 22 23 24 25 26 28 29
32,376,496,1 2 3 4 5 6 7 8 10 11 12 13 14 16 17 19 20 22 23 24 25 26 28 29 31
33,408,528,1 2 3 4 5 6 7 8 10 11 12 13 14 16 17 19 20 22 23 24 25 26 28 29 31 32
34,408,561,1 2 3 4 5 6 7 8 10 11 12 13 14 16 17 19 20 22 23 24 25 26 28 29 31 32
35,442,595,1 2 3 4 5 6 7 8 10 11 12 13 14 16 17 19 20 22 23 24 25 26 28 29 31 32 34
36,477,630,1 2 3 4 5 6 7 8 10 11 12 13 14 16 17 19 20 22 23 24 25 26 28 29 31 32 34 35
37,477,666,1 2 3 4 5 6 7 8 10 11 12 13 14 16 17 19 20 22 23 24 25 26 28 29 31 32 34 35
38,514,703,1 2 3 4 5 6 7 8 10 11 12 13 14 16 17 19 20 22 23 24 25 26 28 29 31 32 34 35 37
39,552,741,1 2 3 4 5 6 7 8 10 11 12 13 14 16 17 19 20 22 23 24 25 26 28 29 31 32 34 35 37 38
40,552,780,1 2 3 4 5 6 7 8 10 11 12 13 14 16 17 19 20 22 23 24 25 26 28 29 31 32 34 35 37 38
